<keymap version="1" name="Default copy" parent="Mac OS X 10.5+">
  <action id="Arrangement.Rule.Edit" />
  <action id="CIDR.Lang.Cpp.GenerateDefinitions" />
  <action id="ChangesView.Diff" />
  <action id="CollapseBlock" />
  <action id="CollapseDocComments">
    <keyboard-shortcut first-keystroke="meta period" />
  </action>
  <action id="CollapseSelection" />
  <action id="CompareTwoFiles" />
  <action id="Console.Execute.Multiline" />
  <action id="Debug" />
  <action id="Diff.FocusOppositePane" />
  <action id="Diff.FocusOppositePaneAndScroll" />
  <action id="Diff.ShowDiff" />
  <action id="Diff.ShowSettingsPopup" />
  <action id="Diff.UpdatedFiles" />
  <action id="EditSource">
    <keyboard-shortcut first-keystroke="f4" />
  </action>
  <action id="EditorChooseLookupItemCompleteStatement" />
  <action id="EditorCompleteStatement" />
  <action id="EditorDeleteLine">
    <keyboard-shortcut first-keystroke="shift ctrl k" />
  </action>
  <action id="EditorDuplicate" />
  <action id="EditorDuplicateLines">
    <keyboard-shortcut first-keystroke="shift meta d" />
  </action>
  <action id="EditorSplitLine" />
  <action id="EditorStartNewLine">
    <keyboard-shortcut first-keystroke="meta enter" />
  </action>
  <action id="EditorStartNewLineBefore">
    <keyboard-shortcut first-keystroke="shift meta enter" />
  </action>
  <action id="EditorTextEndWithSelection" />
  <action id="ExpandDocComments">
    <keyboard-shortcut first-keystroke="shift meta period" />
  </action>
  <action id="FileChooser.GotoDesktop" />
  <action id="FileChooser.TogglePathShowing" />
  <action id="GotoDeclaration">
    <keyboard-shortcut first-keystroke="meta b" />
    <mouse-shortcut keystroke="meta button1" />
    <mouse-shortcut keystroke="button2" />
    <keyboard-shortcut first-keystroke="f12" />
  </action>
  <action id="GotoFile">
    <keyboard-shortcut first-keystroke="meta p" />
  </action>
  <action id="GotoNextError" />
  <action id="GotoRelated" />
  <action id="GotoSymbol">
    <keyboard-shortcut first-keystroke="meta r" />
  </action>
  <action id="GotoTest" />
  <action id="Images.ShowThumbnails" />
  <action id="JumpToLastWindow" />
  <action id="MoveLineDown">
    <keyboard-shortcut first-keystroke="ctrl meta down" />
  </action>
  <action id="MoveLineUp">
    <keyboard-shortcut first-keystroke="ctrl meta up" />
  </action>
  <action id="NextTab">
    <keyboard-shortcut first-keystroke="ctrl tab" />
  </action>
  <action id="ParameterInfo" />
  <action id="PreviousTab">
    <keyboard-shortcut first-keystroke="shift ctrl tab" />
  </action>
  <action id="RecentChangedFiles" />
  <action id="Refresh" />
  <action id="ReopenClosedTab">
    <keyboard-shortcut first-keystroke="shift meta t" />
  </action>
  <action id="Replace">
    <keyboard-shortcut first-keystroke="meta h" />
  </action>
  <action id="Rerun" />
  <action id="SelectNextOccurrence">
    <keyboard-shortcut first-keystroke="ctrl g" />
    <keyboard-shortcut first-keystroke="meta d" />
  </action>
  <action id="SendEOF" />
  <action id="ShelvedChanges.Diff" />
  <action id="ShowNavBar">
    <keyboard-shortcut first-keystroke="alt home" />
  </action>
  <action id="SplitHorizontally">
    <keyboard-shortcut first-keystroke="shift meta o" />
  </action>
  <action id="SplitVertically">
    <keyboard-shortcut first-keystroke="shift meta e" />
  </action>
  <action id="Switcher" />
  <action id="UnsplitAll">
    <keyboard-shortcut first-keystroke="shift ctrl meta w" />
  </action>
  <action id="Vcs.Log.Refresh" />
  <action id="Vcs.Log.ShowDiff" />
  <action id="ViewSource" />
  <action id="XDebugger.CopyWatch" />
  <action id="XDebugger.SetValue" />
  <action id="hg4idea.QRefresh" />
  <action id="openAssertEqualsDiff" />
</keymap>